DROP SCHEMA IF EXISTS paises;
CREATE SCHEMA paises;
USE paises;

CREATE TABLE IF NOT EXISTS `pais` (
  `paisId` tinyint(3) unsigned NOT NULL AUTO_INCREMENT,
  `paisNome` varchar(50) NOT NULL,
  `paisName` varchar(50) NOT NULL,
  `ContinenteId` tinyint(3) unsigned NOT NULL ,
  PRIMARY KEY (`paisId`),
  KEY (`ContinenteId`)
) ENGINE=InnoDB  DEFAULT CHARSET=latin1 AUTO_INCREMENT=253;

INSERT INTO `pais` (`paisId`, `paisNome`, `paisName`, `ContinenteId`) VALUES
(2,'ACROTIRI E DECELIA','AKROTIRI E DEKLIA',7),
(1,'AFEGANISTAO','AFGHANISTAN',6),
(3,'AFRICA DO SUL','SOUTH AFRICA',1),
(4,'ALBANIA','ALBANIA',7),
(5,'ALEMANHA','GERMANY',7),
(6,'AMERICAN SAMOA','AMERICAN SAMOA',8),
(7,'ANDORRA','ANDORRA',7),
(8,'ANGOLA','ANGOLA',1),
(9,'ANGUILLA','ANGUILLA',3),
(10,'ANTIGUA E BARBUDA','ANTIGUA AND BARBUDA',3),
(11,'ANTILHAS NEERLANDESAS','NETHERLANDS ANTILLES',3),
(12,'ARABIA SAUDITA','SAUDI ARABIA',6),
(13,'ARGELIA','ALGERIA',1),
(14,'ARGENTINA','ARGENTINA',4),
(15,'ARMENIA','ARMENIA',6),
(16,'ARUBA','ARUBA',3),
(17,'AUSTRALIA','AUSTRALIA',8),
(18,'AUSTRIA','AUSTRIA',7),
(19,'AZERBAIJAO','AZERBAIJAN',6),
(20,'BAHAMAS','BAHAMAS, THE',3),
(21,'BANGLADECHE','BANGLADESH',6),
(22,'BARBADOS','BARBADOS',3),
(23,'BAREM','BAHRAIN',6),
(24,'BASSAS DA INDIA','BASSAS DA INDIA',1),
(25,'BELGICA','BELGIUM',7),
(26,'BELIZE','BELIZE',2),
(27,'BENIM','BENIN',1),
(28,'BERMUDAS','BERMUDA',3),
(29,'BIELORRUSSIA','BELARUS',7),
(30,'BOLIVIA','BOLIVIA',4),
(31,'BOSNIA E HERZEGOVINA','BOSNIA AND HERZEGOVINA',7),
(32,'BOTSUANA','BOTSWANA',1),
(33,'BRASIL','BRAZIL',4),
(35,'BULGARIA','BULGARIA',7),
(34,'BRUNEI DARUSSALAM','BRUNEI DARUSSALAM',6),
(37,'BURUNDI','BURUNDI',8),
(36,'BURQUINA FASO','BURKINA FASO',1),
(39,'CABO VERDE','CAPE VERDE',1),
(38,'BUTAO','BHUTAN',6),
(41,'CAMBOJA','CAMBODIA',6),
(40,'CAMAROES','CAMEROON',1),
(43,'CATAR','QATAR',6),
(42,'CANADA','CANADA',3),
(45,'CENTRO-AFRICANA REPUBLICA','CENTRAL AFRICAN REPUBLIC',1),
(44,'CAZAQUISTAO','KAZAKHSTAN',6),
(47,'CHILE','CHILE',4),
(46,'CHADE','CHAD',1),
(49,'CHIPRE','CYPRUS',7),
(48,'CHINA','CHINA',6),
(51,'COMORES','COMOROS',1),
(50,'COLOMBIA','COLOMBIA',4),
(53,'CONGO REPUBLICA DEMOCRATICA','CONGO DEMOCRATIC REPUBLIC',1),
(52,'CONGO','CONGO',1),
(55,'COREIA DO SUL','KOREA SOUTH',6),
(54,'COREIA DO NORTE','KOREA NORTH',6),
(57,'COSTA RICA','COSTA RICA',2),
(56,'COSTA DO MARFIM','IVORY COAST',1),
(59,'CUBA','CUBA',2),
(58,'CROACIA','CROATIA',7),
(61,'DOMINICA','DOMINICA',3),
(60,'DINAMARCA','DENMARK',7),
(63,'EMIRADOS ARABES UNIDOS','UNITED ARAB EMIRATES',6),
(62,'EGIPTO','EGYPT',1),
(65,'ERITREIA','ERITREA',1),
(64,'EQUADOR','ECUADOR',4),
(67,'ESLOVENIA','SLOVENIA',7),
(66,'ESLOVACIA','SLOVAKIA',7),
(69,'ESTADOS UNIDOS','UNITED STATES',3),
(68,'ESPANHA','SPAIN',7),
(71,'ETIOPIA','ETHIOPIA',1),
(70,'ESTONIA','ESTONIA',7),
(73,'FIJI','FIJI',8),
(72,'FAIXA DE GAZA','GAZA STRIP',6),
(75,'FINLANDIA','FINLAND',7),
(74,'FILIPINAS','PHILIPPINES',6),
(77,'GABAO','GABON',1),
(76,'FRANCA','FRANCE',7),
(79,'GANA','GHANA',1),
(78,'GAMBIA','GAMBIA',1),
(81,'GIBRALTAR','GIBRALTAR',7),
(80,'GEORGIA','GEORGIA',6),
(83,'GRECIA','GREECE',7),
(82,'GRANADA','GRENADA',3),
(85,'GUADALUPE','GUADELOUPE',3),
(84,'GRONELANDIA','GREENLAND',3),
(87,'GUATEMALA','GUATEMALA',2),
(86,'GUAM','GUAM',8),
(89,'GUIANA','GUYANA',4),
(88,'GUERNSEY','GUERNSEY',7),
(91,'GUINE','GUINEA',1),
(90,'GUIANA FRANCESA','FRENCH GUIANA',4),
(93,'GUINE-BISSAU','GUINEA-BISSAU',1),
(92,'GUINE EQUATORIAL','EQUATORIAL GUINEA',1),
(95,'HONDURAS','HONDURAS',2),
(94,'HAITI','HAITI',3),
(97,'HUNGRIA','HUNGARY',7),
(96,'HONG KONG','HONG KONG',6),
(99,'ILHA BOUVET','BOUVET ISLAND',5),
(98,'IEMEN','YEMEN',6),
(101,'ILHA DE CLIPPERTON','CLIPPERTON ISLAND',3),
(100,'ILHA CHRISTMAS','CHRISTMAS ISLAND',8),
(103,'ILHA DE MAN','ISLE OF MAN',7),
(102,'ILHA DE JOAO DA NOVA','JUAN DE NOVA ISLAND',1),
(105,'ILHA EUROPA','EUROPA ISLAND',1),
(104,'ILHA DE NAVASSA','NAVASSA ISLAND',3),
(107,'ILHA TROMELIN','TROMELIN ISLAND',1),
(106,'ILHA NORFOLK','NORFOLK ISLAND',8),
(109,'ILHAS CAIMAN','CAYMAN ISLANDS',3),
(108,'ILHAS ASHMORE E CARTIER','ASHMORE AND CARTIER ISLANDS',8),
(111,'ILHAS COOK','COOK ISLANDS',8),
(110,'ILHAS COCOS (KEELING)','COCOS (KEELING) ISLANDS',8),
(113,'ILHAS FALKLANDS (ILHAS MALVINAS)','FALKLAND ISLANDS (ISLAS MALVINAS)',4),
(112,'ILHAS DO MAR DE CORAL','CORAL SEA ISLANDS',8),
(115,'ILHAS GEORGIA DO SUL E SANDWICH DO SUL','SOUTH GEORGIA AND THE SOUTH SANDWICH ISLANDS',4),
(114,'ILHAS FEROE','FAROE ISLANDS',7),
(117,'ILHAS MARSHALL','MARSHALL ISLANDS',8),
(116,'ILHAS MARIANAS DO NORTE','NORTHERN MARIANA ISLANDS',8),
(119,'ILHAS PITCAIRN','PITCAIRN ISLANDS',8),
(118,'ILHAS PARACEL','PARACEL ISLANDS',6),
(121,'ILHAS SPRATLY','SPRATLY ISLANDS',6),
(120,'ILHAS SALOMAO','SOLOMON ISLANDS',8),
(123,'ILHAS VIRGENS BRITANICAS','BRITISH VIRGIN ISLANDS',3),
(122,'ILHAS VIRGENS AMERICANAS','UNITED STATES VIRGIN ISLANDS',3),
(125,'INDONESIA','INDONESIA',6),
(124,'INDIA','INDIA',6),
(127,'IRAQUE','IRAQ',6),
(126,'IRAO','IRAN',6),
(129,'ISLANDIA','ICELAND',7),
(128,'IRLANDA','IRELAND',7),
(131,'ITALIA','ITALY',7),
(130,'ISRAEL','ISRAEL',6),
(133,'JAN MAYEN','JAN MAYEN',7),
(132,'JAMAICA','JAMAICA',3),
(135,'JERSEY','JERSEY',7),
(134,'JAPAO','JAPAN',6),
(137,'JORDANIA','JORDAN',6),
(136,'JIBUTI','DJIBOUTI',1),
(139,'KOWEIT','KUWAIT',6),
(138,'KIRIBATI','KIRIBATI',8),
(141,'LESOTO','LESOTHO',1),
(140,'LAOS','LAOS',6),
(143,'LIBANO','LEBANON',6),
(142,'LETONIA','LATVIA',7),
(145,'LIBIA','LIBYAN ARAB JAMAHIRIYA',1),
(144,'LIBERIA','LIBERIA',1),
(147,'LITUANIA','LITHUANIA',7),
(146,'LISTENSTAINE','LIECHTENSTEIN',7),
(149,'MACAU','MACAO',6),
(148,'LUXEMBURGO','LUXEMBOURG',7),
(151,'MADAGASCAR','MADAGASCAR',1),
(150,'MACEDONIA','MACEDONIA',7),
(153,'MALAVI','MALAWI',1),
(152,'MALASIA','MALAYSIA',6),
(155,'MALI','MALI',1),
(154,'MALDIVAS','MALDIVES',6),
(157,'MARROCOS','MOROCCO',1),
(156,'MALTA','MALTA',7),
(159,'MAURICIA','MAURITIUS',1),
(158,'MARTINICA','MARTINIQUE',3),
(161,'MAYOTTE','MAYOTTE',1),
(160,'MAURITANIA','MAURITANIA',1),
(163,'MIANMAR','MYANMAR BURMA',6),
(162,'MEXICO','MEXICO',3),
(165,'MOÇAMBIQUE','MOZAMBIQUE',1),
(164,'MICRONESIA','MICRONESIA',8),
(167,'MONACO','MONACO',7),
(166,'MOLDAVIA','MOLDOVA',7),
(169,'MONTENEGRO','MONTENEGRO',7),
(168,'MONGOLIA','MONGOLIA',6),
(171,'NAMIBIA','NAMIBIA',1),
(170,'MONTSERRAT','MONTSERRAT',3),
(173,'NEPAL','NEPAL',6),
(172,'NAURU','NAURU',8),
(175,'NIGER','NIGER',1),
(174,'NICARAGUA','NICARAGUA',2),
(177,'NIUE','NIUE',8),
(176,'NIGERIA','NIGERIA',1),
(179,'NOVA CALEDONIA','NEW CALEDONIA',8),
(178,'NORUEGA','NORWAY',7),
(181,'OMAN','OMAN',6),
(180,'NOVA ZELANDIA','NEW ZEALAND',8),
(183,'PALAU','PALAU',8),
(182,'PAISES BAIXOS','NETHERLANDS',7),
(185,'PANAMA','PANAMA',2),
(184,'PALESTINA','PALESTINE',6),
(187,'PAQUISTAO','PAKISTAN',6),
(186,'PAPUA NOVA GUINE','PAPUA NEW GUINEA',8),
(189,'PERU','PERU',4),
(188,'PARAGUAI','PARAGUAY',4),
(191,'POLONIA','POLAND',7),
(190,'POLINESIA FRANCESA','FRENCH POLYNESIA',8),
(193,'PORTUGAL','PORTUGAL',7),
(192,'PORTO RICO','PUERTO RICO',3),
(195,'QUIRGUIZISTAO','KYRGYZSTAN',6),
(194,'QUENIA','KENYA',1),
(197,'REPUBLICA CHECA','CZECH REPUBLIC',7),
(196,'REINO UNIDO','UNITED KINGDOM',7),
(199,'ROMENIA','ROMANIA',7),
(198,'REPUBLICA DOMINICANA','DOMINICAN REPUBLIC',3),
(201,'RUSSIA','RUSSIAN FEDERATION',7),
(200,'RUANDA','RWANDA',1),
(203,'SALVADOR','EL SALVADOR',2),
(202,'SAHARA OCCIDENTAL','WESTERN SAHARA',1),
(205,'SANTA HELENA','SAINT HELENA',4),
(204,'SAMOA','SAMOA',8),
(207,'SANTA SE','HOLY SEE',7),
(206,'SANTA LUCIA','SAINT LUCIA',3),
(209,'SAO MARINO','SAN MARINO',7),
(208,'SAO CRISTOVAO E NEVES','SAINT KITTS AND NEVIS',3),
(211,'SAO TOME E PRINCIPE','SAO TOME AND PRINCIPE',1),
(210,'SAO PEDRO E MIQUELAO','SAINT PIERRE AND MIQUELON',3),
(213,'SEICHELES','SEYCHELLES',1),
(212,'SAO VICENTE E GRANADINAS','SAINT VINCENT AND THE GRENADINES',3),
(215,'SERRA LEOA','SIERRA LEONE',1),
(214,'SENEGAL','SENEGAL',1),
(217,'SINGAPURA','SINGAPORE',6),
(216,'SERVIA','SERBIA',7),
(219,'SOMALIA','SOMALIA',1),
(218,'SIRIA','SYRIA',1),
(221,'SUAZILANDIA','SWAZILAND',1),
(220,'SRI LANCA','SRI LANKA',6),
(223,'SUECIA','SWEDEN',7),
(222,'SUDAO','SUDAN',1),
(225,'SURINAME','SURINAME',4),
(224,'SUICA','SWITZERLAND',7),
(227,'TAILANDIA','THAILAND',6),
(226,'SVALBARD','SVALBARD',7),
(229,'TAJIQUISTAO','TAJIKISTAN',6),
(228,'TAIWAN','TAIWAN',6),
(231,'TERRITORIO BRITANICO DO OCEANO INDIco','BRITISH INDIAN OCEAN TERRITORY',6),
(230,'TANZANIA','TANZANIA',1),
(233,'TIMOR-LESTE','TIMOR-LESTE',6),
(232,'TERRITORIO DAS ILHAS HEARD E MCDONALD','HEARD ISLAND AND MCDONALD ISLANDS',5),
(235,'TOKELAU','TOKELAU',8),
(234,'TOGO','TOGO',1),
(237,'TRINDADE E TOBAGO','TRINIDAD AND TOBAGO',3),
(236,'TONGA','TONGA',8),
(239,'TURKS E CAICOS','TURKS AND CAICOS ISLANDS',3),
(238,'TUNISIA','TUNISIA',1),
(241,'TURQUIA','TURKEY',6),
(240,'TURQUEMENISTAO','TURKMENISTAN',6),
(243,'UCRANIA','UKRAINE',7),
(242,'TUVALU','TUVALU',8),
(245,'URUGUAI','URUGUAY',4),
(244,'UGANDA','UGANDA',1),
(247,'VANUATU','VANUATU',8),
(246,'USBEQUISTAO','UZBEKISTAN',6),
(249,'VIETNAME','VIETNAM',6),
(248,'VENEZUELA','VENEZUELA',4),
(251,'ZAMBIA','ZAMBIA',1),
(250,'WALLIS E FUTUNA','WALLIS AND FUTUNA',8),
(252,'ZIMBABUE','ZIMBABWE',1);

CREATE TABLE IF NOT EXISTS `continente` (
  `ContinenteId` tinyint(3) unsigned NOT NULL AUTO_INCREMENT,
  `ContinenteNome` varchar(50) NOT NULL,
  PRIMARY KEY (`ContinenteId`)
) ENGINE=InnoDB  DEFAULT CHARSET=latin1 AUTO_INCREMENT=253 ;

INSERT INTO `continente` (`ContinenteId`, `ContinenteNome`) VALUES
(1, 'AFRICA'),
(2, 'AMERICA CENTRAL'),
(3, 'AMERIACA DO NORTE'),
(4, 'AMERICA DO SUL'),
(5, 'ANTARTICA'),
(6, 'ASIA'),
(7, 'EUROPA'),
(8, 'OCEANIA');

ALTER TABLE pais
ADD CONSTRAINT fk_chave_estrangeira_continente
FOREIGN KEY (ContinenteId) REFERENCES continente(ContinenteId);

CREATE TABLE SiglaBacen(
  `paisId` tinyint(3) unsigned NOT NULL AUTO_INCREMENT,
  sigla  VARCHAR(2) NOT NULL,
  bacen  INTEGER  NOT NULL,
  PRIMARY KEY (`paisId`)
)ENGINE=InnoDB  DEFAULT CHARSET=latin1 AUTO_INCREMENT=253;

INSERT INTO SiglaBacen(paisId,sigla,bacen) VALUES
(1,'AF',132),
(2,'0',0),
(3,'ZA',7560),
(4,'AL',175),
(5,'DE',230),
(6,'AS',6912),
(7,'AD',370),
(8,'AO',400),
(9,'AI',418),
(10,'AG',434),
(11,'AN',477),
(12,'SA',531),
(13,'DZ',590),
(14,'AR',639),
(15,'AM',647),
(16,'AW',655),
(17,'AU',698),
(18,'AT',728),
(19,'AZ',736),
(20,'BS',779),
(21,'BD',817),
(22,'BB',833),
(23,'BH',809),
(24,'0',0),
(25,'BE',876),
(26,'BZ',884),
(27,'BJ',2291),
(28,'BM',906),
(29,'BY',850),
(30,'BO',973),
(31,'BA',981),
(32,'BW',1015),
(33,'BR',1058),
(34,'BN',1082),
(35,'BG',1112),
(36,'BF',310),
(37,'BI',1155),
(38,'BT',1198),
(39,'CV',1279),
(40,'CM',1457),
(41,'KH',1414),
(42,'CA',1490),
(43,'QA',1546),
(44,'KZ',1538),
(45,'CF',6408),
(46,'TD',7889),
(47,'CL',1589),
(48,'CN',1600),
(49,'CY',1635),
(50,'CO',1694),
(51,'KM',1732),
(52,'CG',1775),
(53,'CD',8885),
(54,'KP',1872),
(55,'KR',1902),
(56,'CI',1937),
(57,'CR',1961),
(58,'HR',1953),
(59,'CU',1996),
(60,'DK',2321),
(61,'DM',2356),
(62,'EG',2402),
(63,'AE',2445),
(64,'EC',2399),
(65,'ER',2437),
(66,'SK',2470),
(67,'SI',2461),
(68,'ES',2453),
(69,'US',2496),
(70,'EE',2518),
(71,'ET',2534),
(72,'0',0),
(73,'FJ',8702),
(74,'PH',2674),
(75,'FI',2712),
(76,'FR',2755),
(77,'GA',2810),
(78,'GM',2852),
(79,'GH',2895),
(80,'GE',2917),
(81,'GI',2933),
(82,'GD',2976),
(83,'GR',3018),
(84,'GL',3050),
(85,'GP',3093),
(86,'GU',3131),
(87,'GT',3174),
(88,'0',0),
(89,'GY',3379),
(90,'GF',3255),
(91,'GN',3298),
(92,'GQ',3310),
(93,'GW',3344),
(94,'HT',3417),
(95,'HN',3450),
(96,'HK',3514),
(97,'HU',3557),
(98,'YE',3573),
(99,'BV',1023),
(100,'CX',5118),
(101,'0',0),
(102,'0',0),
(103,'IM',3595),
(104,'0',0),
(105,'0',0),
(106,'NF',5355),
(107,'FK',0),
(108,'0',0),
(109,'KY',1376),
(110,'CC',1651),
(111,'CK',1830),
(112,'PN',0),
(113,'0',0),
(114,'FO',2593),
(115,'GS',2925),
(116,'MP',4723),
(117,'MH',4766),
(118,'VI',0),
(119,'VG',0),
(120,'SB',6777),
(121,'IR',0),
(122,'0',0),
(123,'0',0),
(124,'IN',3611),
(125,'ID',3654),
(126,'0',0),
(127,'IQ',3697),
(128,'IE',3751),
(129,'IS',3794),
(130,'IL',3832),
(131,'IT',3867),
(132,'JM',3913),
(133,'0',0),
(134,'JP',3999),
(135,'0',0),
(136,'DJ',7838),
(137,'JO',4030),
(138,'KI',4111),
(139,'KW',1988),
(140,'LA',4200),
(141,'LS',4260),
(142,'LV',4278),
(143,'LB',4316),
(144,'LR',4340),
(145,'LY',4383),
(146,'LI',4405),
(147,'LT',4421),
(148,'LU',4456),
(149,'MO',4472),
(150,'MK',4499),
(151,'MG',4502),
(152,'MY',4553),
(153,'MW',4588),
(154,'MV',4618),
(155,'ML',4642),
(156,'MT',4677),
(157,'MA',4740),
(158,'MQ',4774),
(159,'MU',4855),
(160,'MR',4880),
(161,'YT',4885),
(162,'MX',4936),
(163,'MM',930),
(164,'FM',4995),
(165,'MZ',5053),
(166,'MD',4944),
(167,'MC',4952),
(168,'MN',4979),
(169,'ME',0),
(170,'MS',5010),
(171,'NA',5070),
(172,'NR',5088),
(173,'NP',5177),
(174,'NI',5215),
(175,'NE',5258),
(176,'NG',5282),
(177,'NU',5312),
(178,'NO',5380),
(179,'NC',5428),
(180,'NZ',5487),
(181,'OM',5568),
(182,'NL',5738),
(183,'PW',5754),
(184,'PS',0),
(185,'PA',5800),
(186,'PG',5452),
(187,'PK',5762),
(188,'PY',5860),
(189,'PE',5894),
(190,'PF',5991),
(191,'PL',6033),
(192,'PR',6114),
(193,'PT',6076),
(194,'KE',6238),
(195,'KG',6254),
(196,'GB',6289),
(197,'CZ',7919),
(198,'DO',6475),
(199,'RO',6700),
(200,'RW',6750),
(201,'RU',6769),
(202,'EH',6858),
(203,'SV',6874),
(204,'WS',6904),
(205,'SH',7102),
(206,'LC',7153),
(207,'0',0),
(208,'KN',6955),
(209,'SM',6971),
(210,'PM',7005),
(211,'ST',7200),
(212,'VC',7056),
(213,'SC',7315),
(214,'SN',7285),
(215,'SL',7358),
(216,'RS',0),
(217,'SG',7412),
(218,'SY',7447),
(219,'SO',7480),
(220,'LK',7501),
(221,'SZ',7544),
(222,'SD',7595),
(223,'SE',7641),
(224,'CH',7676),
(225,'SR',7706),
(226,'0',0),
(227,'TH',7765),
(228,'TW',0),
(229,'TJ',7722),
(230,'TZ',7803),
(231,'IO',7820),
(232,'AU',3433),
(233,'TL',7951),
(234,'TG',8001),
(235,'TK',8052),
(236,'TO',8109),
(237,'TT',8150),
(238,'TN',8206),
(239,'TC',8230),
(240,'TM',8249),
(241,'TR',8273),
(242,'TV',8281),
(243,'UA',8311),
(244,'UG',8338),
(245,'UY',8451),
(246,'UZ',8478),
(247,'VU',5517),
(248,'VE',8508),
(249,'VN',8583),
(250,'WF',8753),
(251,'ZM',8907),
(252,'ZW',6653);

ALTER TABLE SiglaBacen
ADD CONSTRAINT fk_chave_estrangeira_sigla
FOREIGN KEY (paisId) REFERENCES pais(paisId);

CREATE TABLE IF NOT EXISTS populacao(
   `paisId` tinyint(3) unsigned NOT NULL AUTO_INCREMENT,
   `Population2022` INTEGER  NOT NULL,
   `Population2020` INTEGER  NOT NULL,
   PRIMARY KEY (`paisId`)
)ENGINE=InnoDB  DEFAULT CHARSET=latin1 AUTO_INCREMENT=253;

INSERT INTO populacao(paisId,Population2022,Population2020) VALUES 
(1,41128771,38972230),
(3,59893885,58801927),
(4,2842321,2866849),
(5,83369843,83328988),
(6,44273,46189),
(7,79824,77700),
(8,35588987,33428485),
(9,15857,15585),
(10,93763,92664),
(12,36408820,35997107),
(13,44903225,43451666),
(14,45510318,45036032),
(15,2780469,2805608),
(16,106445,106585),
(17,26177413,25670051),
(18,8939617,8907777),
(19,10358074,10284951),
(21,171186372,167420951),
(22,281635,280693),
(23,1472233,1477469),
(25,11655930,11561717),
(26,405272,394921),
(27,13352864,12643123),
(28,64184,64031),
(29,9534954,9633740),
(30,12224110,11936162),
(31,3233526,3318407),
(32,2630296,2546402),
(33,215313498,213196304),
(35,6781953,6979175),
(36,22673762,21522626),
(37,12889576,12220227),
(38,782455,772506),
(39,593149,582640),
(40,27914536,26491087),
(41,16767842,16396860),
(42,38454327,37888705),
(43,2695122,2760385),
(44,19397998,18979243),
(45,5579144,5343020),
(46,17723315,16644701),
(47,19603733,19300315),
(48,1425887337,1424929781),
(49,1251488,1237537),
(50,51874024,50930662),
(51,836774,806166),
(56,28160542,26811790),
(57,5180829,5123105),
(58,4030358,4096868),
(59,11212191,11300698),
(60,5882261,5825641),
(61,72737,71995),
(62,110990103,107465134),
(63,9441129,9287289),
(64,18001000,17588595),
(65,3684032,3555868),
(66,5643453,5456681),
(67,2119844,2117641),
(68,47558630,47363807),
(69,338289857,335942003),
(70,1326062,1329444),
(71,123379924,117190911),
(73,929766,920422),
(74,115559009,112190977),
(75,5540745,5529468),
(76,64626628,64480053),
(77,2388992,2292573),
(78,2705992,2573995),
(79,33475870,32180401),
(80,3744385,3765912),
(81,32649,32709),
(82,125438,123663),
(83,10384971,10512232),
(84,56466,56026),
(85,395752,395642),
(86,171774,169231),
(87,17843908,17362718),
(88,63301,62794),
(89,808726,797202),
(90,304557,290969),
(91,13859341,13205153),
(92,1674908,1596049),
(94,11584996,11306801),
(95,10432860,10121763),
(96,7488865,7500958),
(97,9967308,9750573),
(98,33696614,32284046),
(103,84519,84046),
(109,68706,67311),
(111,17011,17029),
(114,53090,52415),
(116,49551,49587),
(117,41569,43413),
(120,724273,691191),
(122,99465,100442),
(123,31305,30910),
(124,1417173173,1396387127),
(125,275501339,271857970),
(126,88550570,87290193),
(127,44496122,42556984),
(128,5023109,4946119),
(129,372899,366669),
(130,9038309,8757489),
(131,59037474,59500579),
(132,2827377,2820436),
(134,123951692,125244761),
(135,110778,108319),
(136,1120849,1090156),
(137,11285869,10928721),
(138,131232,126463),
(139,4268873,4360444),
(140,7529475,7319399),
(141,2305825,2254100),
(142,1850651,1897052),
(143,5489739,5662923),
(144,5302681,5087584),
(146,39327,38756),
(147,2750055,2820267),
(148,647599,630399),
(151,29611714,28225177),
(152,33938221,33199993),
(153,20405317,19377061),
(154,523787,514438),
(155,22593590,21224040),
(156,533286,515357),
(157,37457971,36688772),
(158,367507,370391),
(159,1299469,1297828),
(160,4736139,4498604),
(161,326101,305587),
(162,127504125,125998302),
(164,114164,112106),
(165,32969517,31178239),
(166,3272996,3084847),
(167,36469,36922),
(168,3398366,3294335),
(169,627082,629048),
(170,4390,4500),
(171,2567012,2489098),
(172,12668,12315),
(173,30547580,29348627),
(174,6948392,6755895),
(175,26207977,24333639),
(176,218541212,208327405),
(177,1934,1942),
(178,5434319,5379839),
(179,289950,286403),
(180,5185288,5061133),
(181,4576298,4543399),
(182,17564014,17434557),
(183,18055,17972),
(184,5250072,5019401),
(185,4408581,4294396),
(186,10142619,9749640),
(187,235824862,227196741),
(188,6780744,6618695),
(189,34049588,33304756),
(190,306279,301920),
(191,39857145,38428366),
(192,3252407,3271564),
(193,10270865,10298192),
(194,54027487,51985780),
(195,6630623,6424874),
(196,67508936,67059474),
(197,10493986,10530953),
(198,11228821,10999664),
(199,19659267,19442038),
(200,13776698,13146362),
(202,575986,556048),
(203,6336392,6292731),
(204,222382,214929),
(206,179857,179237),
(208,47657,47642),
(209,33660,34007),
(210,5862,5906),
(211,227380,218641),
(212,103948,104632),
(213,107118,105530),
(214,17316449,16436119),
(215,8605718,8233969),
(216,7221365,7358005),
(217,5975689,5909869),
(218,22125249,20772595),
(219,17597511,16537016),
(220,21832143,21715079),
(222,46874204,44440486),
(223,10549347,10368969),
(224,8740472,8638613),
(225,618040,607065),
(227,71697030,71475664),
(228,23893394,23821464),
(229,9952787,9543207),
(230,65497748,61704518),
(234,8848699,8442580),
(235,1871,1827),
(236,106858,105254),
(237,1531044,1518147),
(238,12356117,12161723),
(239,45703,44276),
(240,6430770,6250438),
(241,85341241,84135428),
(242,11312,11069),
(243,39701739,43909666),
(244,47249585,44404611),
(245,3422794,3429086),
(246,34627652,33526656),
(247,326740,311685),
(248,28301696,28490453),
(249,98186856,96648685),
(250,11572,11655),
(251,20017675,18927715),
(252,16320537,15669666);


ALTER TABLE populacao
ADD CONSTRAINT fk_chave_estrangeira_populacao
FOREIGN KEY (paisId) REFERENCES pais(paisId);

CREATE TABLE dadosSalario(
  `paisId` tinyint(3) unsigned NOT NULL AUTO_INCREMENT,
  media_salarial varchar(15) NOT NULL,
  mediana_salarial  varchar(15) NOT NULL,
  maior_salario varchar(15) NOT NULL,
  menor_salario  varchar(15) NOT NULL,
  tipo_pagamento varchar(15) NOT NULL,
  PRIMARY KEY (`paisId`)
)ENGINE=InnoDB  DEFAULT CHARSET=latin1 AUTO_INCREMENT=253;

INSERT INTO dadosSalario(paisId,media_salarial,mediana_salarial,maior_salario,menor_salario,tipo_pagamento) VALUES
('1','1001.15','853.74','4460.97','252.53','Mensal'),
('4','956.92','832.84','4258.49','241.22','Mensal'),
('13','1308.81','1148.84','5824.18','330.11','Mensal'),
('6','1570','1390','6980','400','Mensal'),
('7','4069.77','3668.08','17653.28','1120.51','Mensal'),
('8','314.39','284.39','1403.96','79.32','Mensal'),
('10','1677.78','1548.15','7444.44','422.22','Mensal'),
('14','129.42','110.28','577.13','32.57','Mensal'),
('15','1974.32','1700.25','8780.39','497.39','Mensal'),
('16','1268.16','1106.15','5642.46','318.44','Mensal'),
('17','4903.23','4306.45','21774.19','1236.13','Mensal'),
('18','4016.91','3572.94','17864.69','1014.8','Mensal'),
('19','1741.18','1558.82','7764.71','441.18','Mensal'),
('23','3936.17','3617.02','17553.19','984.04','Mensal'),
('21','236.71','218.57','1052.06','59.68','Mensal'),
('22','1635','1395','7250','410','Mensal'),
('29','983.28','849.5','4381.27','247.49','Mensal'),
('25','6522.2','5729.39','27378.44','1997.89','Mensal'),
('26','1965','1730','8750','495','Mensal'),
('27','549.48','488.25','2449.28','138.58','Mensal'),
('28','1600','1440','7120','400','Mensal'),
('38','449.3','407.26','1994.23','113.17','Mensal'),
('30','1236.99','1131.5','5505.78','312.14','Mensal'),
('31','1248.65','1151.35','5567.57','313.51','Mensal'),
('32','860.69','729.39','3822.03','216.63','Mensal'),
('33','1711.16','1490.04','7609.56','432.27','Mensal'),
('231','2690','2360','12000','680','Mensal'),
('35','1794.59','1605.41','7945.95','454.05','Mensal'),
('36','534.97','485.02','2384.83','135.03','Mensal'),
('37','420.08','384.78','1863.89','105.55','Mensal'),
('41','808.3','745.19','3592.44','203.41','Mensal'),
('40','744.45','633.27','3303.31','186.92','Mensal'),
('42','7352.94','6311.03','32720.59','1850','Mensal'),
('39','1965.11','1706.29','8742.33','495.59','Mensal'),
('109','3901.56','3430.97','17406.96','984.39','Mensal'),
('45','699.33','621.99','3109.94','175.64','Mensal'),
('46','787.96','707.39','3512.79','198.2','Mensal'),
('47','2090.56','1890.4','9274.09','525.98','Mensal'),
('48','4027.4','3684.93','17945.21','1015.07','Mensal'),
('50','1157.85','995.6','5137.79','292.53','Mensal'),
('51','651','567.21','2900.48','163.93','Mensal'),
('52','1205.3','1058.67','5365.86','302.94','Mensal'),
('53','191.74','170.39','853.95','48.34','Mensal'),
('111','2832.34','2538.92','12574.85','712.57','Mensal'),
('57','4427.01','4016.06','19613.34','1115.16','Mensal'),
('58','2089.76','1935.48','9298.74','527.35','Mensal'),
('59','916.67','783.33','4079.17','231.25','Mensal'),
('49','2293.87','1976.74','10211.42','581.4','Mensal'),
('197','2653.06','2310.03','11810.68','668.69','Mensal'),
('60','5779.04','5084.99','25637.39','1458.92','Mensal'),
('136','1553','1378.57','6921','391.63','Mensal'),
('61','555.56','496.3','2470.37','140.74','Mensal'),
('198','350.6','318.89','1562.72','88.62','Mensal'),
('64','1370','1260','6080','340','Mensal'),
('62','298.51','254.53','1329.24','75.36','Mensal'),
('203','1710','1470','7610','430','Mensal'),
('92','773.46','671.94','3432.22','194.98','Mensal'),
('65','457.33','402','2033.33','115.33','Mensal'),
('70','2906.98','2579.28','12896.41','729.39','Mensal'),
('71','160.41','143.88','713.13','40.42','Mensal'),
('114','3810.2','3484.42','16855.52','958.92','Mensal'),
('73','2100','1939.13','9347.83','530.43','Mensal'),
('75','4978.86','4238.9','22093.02','1257.93','Mensal'),
('76','4377.38','3769.56','19467.23','1100.42','Mensal'),
('90','3319.24','2896.41','14799.15','835.1','Mensal'),
('190','1293.18','1133.75','5757.31','325.95','Mensal'),
('77','894.31','800.85','3980.08','225.59','Mensal'),
('78','246.84','223.7','1095.34','62.02','Mensal'),
('80','2526.12','2309.7','11231.34','638.06','Mensal'),
('5','4048.63','3731.5','17970.4','1014.8','Mensal'),
('79','438.42','373.82','1946.6','110.25','Mensal'),
('81','4135.37','3567.07','18393.9','1046.34','Mensal'),
('83','2579.28','2241.01','11522.2','655.39','Mensal'),
('84','4008.5','3526.91','17847.03','1011.33','Mensal'),
('82','2329.63','2066.67','10370.37','588.89','Mensal'),
('85','4439.75','3985.2','19767.44','1120.51','Mensal'),
('86','1400','1270','6230','350','Mensal'),
('87','1335.88','1222.65','5954.2','337.15','Mensal'),
('88','9409.76','8689.02','41869.51','2367.07','Mensal'),
('91','817.87','696.71','3634.99','206.22','Mensal'),
('93','551.09','475.35','2449.28','139.06','Mensal'),
('89','841.26','731.32','3737.87','211.75','Mensal'),
('94','506.2','444.95','2250.59','127.66','Mensal'),
('95','1139.39','1022.22','5090.91','287.27','Mensal'),
('96','4687.1','4252.87','20817.37','1182.63','Mensal'),
('97','1344.23','1227.46','5974.36','339.45','Mensal'),
('129','5049.03','4661.2','22464.51','1273.23','Mensal'),
('124','384.43','327.97','1717.92','97.07','Mensal'),
('125','788.83','678.91','3504.47','198.5','Mensal'),
('126','1070.97','932.63','4770.47','269.53','Mensal'),
('127','1573.31','1382.38','6988.25','395.62','Mensal'),
('128','3399.58','3021.14','15151.16','856.24','Mensal'),
('131','3868.92','3467.23','17230.44','972.52','Mensal'),
('132','624.56','565.78','2777.24','157.59','Mensal'),
('134','3453.12','3158.67','15391.82','869.97','Mensal'),
('135','6304.88','5817.07','28048.78','1585.37','Mensal'),
('137','2284.91','1946.4','10141.04','578.28','Mensal'),
('44','813.99','701','3620.08','204.86','Mensal'),
('194','991.43','863.29','4424.36','250.22','Mensal'),
('138','2509.68','2206.45','11161.29','632.26','Mensal'),
('195','219.92','201.87','980.04','55.6','Mensal'),
('140','223.54','206.42','992.99','56.25','Mensal'),
('142','1952.1038','1654.0727','8657.804','491.75135','Mensal'),
('143','873.33','753.33','3873.33','219.33','Mensal'),
('141','625.33','540.54','2776.89','157.39','Mensal'),
('144','380.35','334.39','1690.44','96.14','Mensal'),
('146','5825.14','5224.04','25901.64','1464.48','Mensal'),
('147','997.90189','903.87466','4428.3792','251.75032','Mensal'),
('148','5211.42','4767.44','23150.11','1310.78','Mensal'),
('149','928.13','856.26','4126.39','234.2','Mensal'),
('150','794.14','677','3531.44','199.83','Mensal'),
('151','290.48','250.87','1291.74','73.28','Mensal'),
('153','151.69','132.38','674.79','38.24','Mensal'),
('152','1406.38','1236.17','6255.32','355.32','Mensal'),
('154','1241.91','1099.61','5517.46','313.07','Mensal'),
('155','533.36','478.58','2368.71','134.55','Mensal'),
('156','4904.86','4439.75','21775.9','1236.79','Mensal'),
('117','2260','2070','10100','570','Mensal'),
('158','3192.39','2949.26','14164.9','803.38','Mensal'),
('160','52.497697','44.623043','232.82729','13.203171','Mensal'),
('159','1047.66','901.53','4653.78','263.04','Mensal'),
('161','2748.41','2389.01','12262.16','697.67','Mensal'),
('162','1917.34','1681.97','8495.98','482.78','Mensal'),
('164','1410','1250','6270','360','Mensal'),
('166','1467.03','1318.68','6538.46','370.33','Mensal'),
('167','4492.6','4112.05','18921.78','1374.21','Mensal'),
('168','564.74','515.76','2509.62','142.34','Mensal'),
('169','2832.98','2621.56','12579.28','718.82','Mensal'),
('170','1011.11','859.26','4481.48','255.56','Mensal'),
('157','1896.89','1634.24','8433.85','477.63','Mensal'),
('165','631.27','549.81','2803.88','159.77','Mensal'),
('171','927.4','821.41','4128.25','233.7','Mensal'),
('173','608.2','551.13','2703.11','153.18','Mensal'),
('182','5179.7','4756.87','22515.86','1427.06','Mensal'),
('11','2458.1','2268.16','10893.85','620.11','Mensal'),
('179','779.45','664.3','3463.24','196.63','Mensal'),
('180','4870.06','4196.41','21656.29','1227.54','Mensal'),
('174','517.15','449.1','2299.95','130.38','Mensal'),
('175','547.87','480.19','2433.17','137.93','Mensal'),
('176','438.91','389.85','1949.27','110.63','Mensal'),
('116','1990','1820','8870','500','Mensal'),
('178','4786.34','4420.02','21281.57','1208.23','Mensal'),
('181','4635.42','3932.29','20572.92','1171.88','Mensal'),
('187','284.9','245.34','1266.61','71.83','Mensal'),
('183','2740','2380','12200','690','Mensal'),
('184','1710','1510','7620','430','Mensal'),
('185','2130','1890','9460','540','Mensal'),
('186','1128.77','1010.96','5013.7','284.93','Mensal'),
('188','1126.17','1019.69','5009.74','283.93','Mensal'),
('189','1997.36','1825.86','8891.82','503.96','Mensal'),
('74','790.54','728.78','3511.56','199.4','Mensal'),
('191','1736.84','1496.57','7734.55','437.07','Mensal'),
('193','2917.55','2537','13002.11','739.96','Mensal'),
('192','1683','1483','7491','425','Mensal'),
('43','4313.19','3846.15','19230.77','1090.66','Mensal'),
('199','1921.11','1739.87','8550.11','484.01','Mensal'),
('200','569.65','525.39','2532.68','143.44','Mensal'),
('208','1259.26','1092.59','5592.59','318.52','Mensal'),
('206','1048.15','922.22','4666.67','262.96','Mensal'),
('212','1262.96','1144.44','5629.63','318.52','Mensal'),
('204','884.48','808.66','3935.02','223.83','Mensal'),
('209','4820.3','4450.32','21458.77','1215.64','Mensal'),
('211','298.78264','254.88163','1329.8172','75.441552','Mensal'),
('12','4480','3840','19893.33','1128','Mensal'),
('214','565.59','493.08','2513.74','142.77','Mensal'),
('216','1273.6','1120.04','5654.41','320.66','Mensal'),
('213','1403.13','1246.44','6246.44','353.99','Mensal'),
('215','277.75','249.1','1238.23','69.92','Mensal'),
('217','6235.29','5647.06','27720.59','1573.53','Mensal'),
('66','2315.01','2114.16','10295.98','581.4','Mensal'),
('67','2093.02','1934.46','9302.33','528.54','Mensal'),
('120','756.53','644.89','3361.05','191.21','Mensal'),
('219','455.19','392.16','2030.85','114.85','Mensal'),
('3','1658.72','1441.44','7366.19','417.59','Mensal'),
('68','2875.26','2579.28','12050.74','877.38','Mensal'),
('220','278.41','249.68','1239.11','70.14','Mensal'),
('222','74.53','67.61','331.92','18.8','Mensal'),
('225','133.57','122.18','592.8','33.65','Mensal'),
('221','239.53','204.56','1065.18','60.41','Mensal'),
('223','4144.56','3568.16','18389.75','1043','Mensal'),
('224','11292.9','9836.07','50363.93','2850.27','Mensal'),
('218','11.51','10.12','51.2','2.9','Mensal'),
('228','4037.27','3571.43','17919.25','1015.53','Mensal'),
('229','1069.47','959.78','4753.2','269.65','Mensal'),
('230','505.54','457.77','2245.08','126.98','Mensal'),
('227','2662.11','2432.28','11846.79','670.31','Mensal'),
('234','852.41','787.96','3786.72','214.31','Mensal'),
('236','778.72','668.09','3459.57','195.74','Mensal'),
('237','1445.43','1258.11','6430.68','364.31','Mensal'),
('238','1239.75','1088.33','5520.5','312.3','Mensal'),
('241','286.13','254.1','1274.12','72.08','Mensal'),
('240','1500','1342.86','6657.14','377.14','Mensal'),
('239','1490','1350','6640','380','Mensal'),
('244','698.31','645.21','3106.55','176.04','Mensal'),
('243','622.8','530.73','2761.98','157.32','Mensal'),
('63','3896.46','3324.25','18637.6','708.45','Mensal'),
('196','7235.37','6300','32214.63','1829.27','Mensal'),
('69','7925','6966','35250','2000','Mensal'),
('245','862.2','773.64','3829.12','217.24','Mensal'),
('246','106.98','97.25','477.35','27.07','Mensal'),
('247','821.77','750.74','3650.48','207.3','Mensal'),
('248','3862.91','3282.02','17165.26','972.99','Mensal'),
('249','711.24','612.57','3161.52','179.25','Mensal'),
('202','1011.67','908.56','4503.89','254.86','Mensal'),
('98','133.36','120.98','594.93','33.62','Mensal'),
('251','0.28552394','0.26133504','1.2711033','0.072092424','Mensal'),
('252','602.37635','555.40204','2674.772','151.42305','Mensal');

ALTER TABLE dadosSalario
ADD CONSTRAINT fk_chave_estrangeira_salario
FOREIGN KEY (paisId) REFERENCES pais(paisId);

DROP TABLE if exists dadosVacinasCovid;
CREATE TABLE dadosVacinasCovid(
  `paisId` tinyint(3) unsigned NOT NULL AUTO_INCREMENT,
  dataPrimeiraVacina date,
  totalVacinacoes DOUBLE NOT NULL,
  TotalUltimaDose DOUBLE NOT NULL,
  PRIMARY KEY (`paisId`)
)ENGINE=InnoDB  DEFAULT CHARSET=latin1 AUTO_INCREMENT=253;

INSERT INTO dadosVacinasCovid (paisId,dataPrimeiraVacina,totalVacinacoes,TotalUltimaDose) VALUES 
(1,'2021-02-22',21565416,17370015),
(3,'2021-02-17',38882146,21038797),
(4,'2021-01-13',3080679,1277987),
(5,'2020-12-23',193234743,63564568),
(6,'2020-12-21',114706,42479),
(7,'2021-01-20',157059,53500),
(8,'2021-03-10',27309449,9472763),
(9,'2021-02-05',24611,10380),
(10,'2021-03-01',136512,62384),
(12,'2021-01-06',68534631,25433941),
(13,'2021-01-30',15267442,6481186),
(14,'2020-12-29',109652736,37840119),
(15,'2021-01-27',2158796,996804),
(16,'2021-02-17',216974,84297),
(17,'2021-02-21',68653247,21610412),
(18,'2020-12-30',20402999,6682310),
(19,'2021-01-20',13825256,4887727),
(21,'2021-01-27',360177584,141208849),
(22,'2021-01-08',381721,155036),
(23,'2020-11-04',3476633,1226796),
(25,'2020-12-30',29118547,9158159),
(26,'2021-03-01',510770,221408),
(27,'2021-03-29',4232541,2742837),
(28,'2021-01-11',132042,47657),
(29,'2021-02-03',21997703,6355081),
(31,NULL,1924950,846080),
(32,'2021-03-26',3171667,1663490),
(33,'2021-01-17',513329718,171459392),
(34,'2021-04-03',1293100,446714),
(35,'2020-12-30',4618004,2080169),
(36,'2021-06-02',7893609,5232347),
(37,'2021-10-18',41426,36321),
(38,'2021-03-27',2011426,677669),
(40,'2021-04-12',4842306,3173644),
(41,'2021-02-10',47601597,14683075),
(42,'2020-12-14',97596974,31311576),
(43,NULL,7609178,2852178),
(44,'2021-04-07',38355605,13070774),
(45,'2021-03-19',3342248,2484985),
(46,'2021-06-04',8971575,4939822),
(47,'2020-12-21',66273384,17716364),
(48,'2020-07-22',3516880717,1284479582),
(49,'2020-12-23',1858908,656129),
(50,'2021-02-17',90506612,37019801),
(51,'2021-04-10',835021,397080),
(52,'2021-03-23',833210,654119),
(57,'2020-12-24',13371989,4358863),
(58,'2020-12-23',5432701,2246534),
(59,NULL,38105906,10016328),
(60,'2020-12-16',14986863,4731911),
(61,'2021-02-12',67647,30659),
(62,'2021-01-24',112673535,42337175),
(63,NULL,24922054,9792266),
(64,'2021-01-20',39495110,14233323),
(65,NULL,0,0),
(66,'2020-12-23',7221055,2791174),
(67,'2020-12-23',3006861,1192059),
(68,'2020-12-30',112837406,37483217),
(69,'2021-12-07',198156371,163485322),
(70,'2020-12-23',2204676,842153),
(71,'2021-03-13',68856793,43653006),
(73,'2021-03-07',1547226,641194),
(74,'2021-03-01',189317158,78443972),
(75,'2020-12-23',13262633,4364869),
(76,'2020-12-23',158038124,53187210),
(77,'2021-03-23',572672,257471),
(78,'2021-03-10',1444492,539186),
(79,'2021-03-02',25624828,10780003),
(80,'2021-03-17',2738178,1186709),
(81,NULL,132810,41465),
(82,'2021-02-15',90686,39034),
(83,'2020-12-23',21983798,7744795),
(84,NULL,79738,38511),
(85,'2021-01-08',400129,146098),
(86,'2021-01-04',352698,128788),
(87,'2021-02-25',20370595,7127944),
(88,NULL,178525,52710),
(89,'2021-02-11',960133,381984),
(90,'2021-01-13',242193,90464),
(91,'2021-03-05',10645240,4725982),
(92,'2021-02-12',488738,214032),
(93,'2021-04-02',825234,533741),
(94,NULL,664150,350403),
(95,'2021-02-22',16901540,5751048),
(97,'2020-12-23',16570212,6151942),
(98,'2021-04-20',1287688,798451),
(103,NULL,189994,67106),
(109,'2021-01-15',151822,60664),
(111,'2021-05-17',40080,14728),
(114,NULL,103894,40895),
(117,'2020-12-29',110742,40689),
(119,'2021-05-17',117,47),
(120,'2021-03-23',612700,254016),
(123,'2021-02-11',41453,18261),
(124,'2021-01-16',2206737729,952120865),
(125,'2021-01-13',447595845,174893201),
(127,'2021-03-02',19557364,7944775),
(128,'2020-12-30',12386942,4062803),
(129,'2020-12-30',869976,297921),
(130,'2020-12-16',17915305,6385731),
(131,'2020-12-23',150317622,49484229),
(132,'2021-03-10',1525895,758800),
(134,'2021-02-17',407284261,103417721),
(135,NULL,266953,81882),
(136,'2021-03-15',392703,351712),
(137,'2021-01-13',10057975,4558313),
(138,'2021-05-26',219980,81474),
(139,'2020-12-28',8261024,3346082),
(141,'2021-03-10',1339097,938088),
(142,'2020-12-30',2979616,1304768),
(143,'2021-02-14',5814699,2414223),
(144,'2021-04-01',4460668,3730967),
(146,'2021-01-06',71104,26346),
(147,'2020-12-23',4532385,1907044),
(148,'2020-12-30',1337797,462702),
(151,'2021-05-10',3092063,2628849),
(152,'2021-02-24',72505914,27502952),
(153,'2021-03-11',8359717,4223762),
(154,'2021-02-01',951764,385167),
(155,'2021-03-31',5922585,3633589),
(156,'2020-12-23',1280143,444900),
(157,'2021-01-28',55389602,23521989),
(158,NULL,401816,145536),
(159,'2021-01-26',2616012,1088142),
(160,'2021-03-26',4075704,1540533),
(162,'2020-12-24',222226293,81346379),
(165,'2021-03-08',34950858,21329745),
(167,'2021-06-30',71027,24933),
(168,'2021-02-23',5668144,2185282),
(169,'2021-02-24',523735,251583),
(170,'2021-02-08',4619,1952),
(171,'2021-03-19',1005582,550656),
(172,'2021-04-09',32157,11346),
(173,'2021-01-27',62086946,24389063),
(174,'2021-03-03',15498213,6117158),
(175,'2021-03-29',7372208,5483001),
(176,'2021-03-05',130894625,79729922),
(177,'2021-06-08',4923,1635),
(178,'2020-12-23',12336663,4062204),
(179,'2021-01-20',480497,184801),
(180,'2021-02-19',12252378,4084115),
(181,'2020-12-29',7086050,3048826),
(182,'2021-01-06',36105753,11957152),
(183,'2021-01-03',51032,18278),
(185,'2021-01-20',8901881,3174229),
(186,'2021-03-30',537372,332608),
(187,'2021-02-03',340016117,140475871),
(188,'2021-02-22',9784169,3547736),
(189,'2021-02-09',89593907,28654963),
(190,'2021-01-18',480028,186803),
(191,'2020-12-23',58223243,22704578),
(192,NULL,7846764,2688410),
(193,'2020-12-23',27777341,8902934),
(194,'2021-03-05',23750431,11090440),
(195,'2021-03-31',3132083,1332740),
(198,'2021-02-16',15972891,6095810),
(199,'2021-01-27',16110560,8142177),
(200,'2021-03-05',27322059,10399665),
(201,NULL,186692479,79702396),
(203,'2021-02-17',11426688,4393762),
(204,'2021-04-18',453130,177954),
(206,'2021-02-17',122977,54971),
(208,'2021-02-22',64297,27000),
(209,'2021-02-24',69338,23633),
(211,'2021-03-15',263863,111986),
(212,'2021-02-01',73443,31632),
(213,'2021-01-10',224558,83565),
(214,'2021-02-23',3152562,1503332),
(215,'2021-03-15',9155936,4961886),
(216,'2020-12-23',6722671,3324555),
(217,'2020-12-30',15302530,5248693),
(219,'2021-03-16',10555834,7666835),
(220,'2021-01-29',40116590,14752827),
(222,'2021-03-09',22598737,13416394),
(223,'2020-12-23',23226250,7332983),
(224,'2020-12-23',16755470,5723015),
(225,'2021-02-23',554588,237879),
(227,'2021-02-28',139279946,54181443),
(229,'2021-03-24',18871161,5170582),
(233,'2021-04-07',2019384,799627),
(234,'2021-03-10',3412326,1554066),
(235,'2021-07-20',6342,2203),
(236,'2021-04-14',204737,77390),
(237,'2021-02-17',1589640,718969),
(238,'2021-03-13',13253317,6401841),
(239,'2021-01-11',73907,30710),
(240,'2021-02-24',13040514,3358426),
(241,NULL,139694693,50670345),
(242,'2021-04-13',26783,9505),
(243,'2021-02-24',31668577,15153577),
(244,'2021-03-10',26406936,13061126),
(245,'2021-02-27',9023199,2902437),
(246,'2021-04-28',79381802,18318860),
(247,'2021-06-02',355430,162250),
(250,'2021-03-19',17303,6803),
(251,'2021-04-14',13615707,9155551),
(252,'2021-02-18',13935112,5649830);

ALTER TABLE dadosVacinasCovid
ADD CONSTRAINT fk_chave_estrangeira_vacinas
FOREIGN KEY (paisId) REFERENCES pais(paisId);